,Rk,Team,Conf,W-L,AdjEM,AdjO,AdjD,AdjT,Luck,AdjEM,OppO,OppD,AdjEM
0,1,Houston,B12,12-0,+32.30,116.8,84.5,65.9,+.046,-0.40,104.9,105.3,-0.40
1,2,Purdue,B10,11-1,+30.39,122.9,92.5,70.4,+.064,+11.67,111.0,99.4,+11.27
2,3,Arizona,P12,9-2,+29.85,119.1,89.2,75.0,-.033,+9.75,111.1,101.3,+9.75
3,4,BYU,B12,11-1,+26.12,118.3,92.2,70.0,-.027,-4.50,101.8,106.3,-4.50
4,5,Connecticut,BE,11-2,+25.36,120.1,94.8,65.4,-.003,+1.05,105.0,103.9,-2.59
5,6,Tennessee,SEC,9-3,+24.10,114.2,90.1,69.8,-.053,+8.85,109.3,100.4,+8.85
6,7,Duke,ACC,8-3,+23.22,118.7,95.4,68.9,-.112,+3.20,105.4,102.2,+2.12
7,8,Alabama,SEC,7-5,+23.14,123.5,100.3,73.2,-.148,+9.02,110.0,101.0,+9.02
8,9,Illinois,B10,9-2,+23.11,116.0,92.9,72.2,-.068,+1.58,103.9,102.3,-0.30
9,10,Auburn,SEC,9-2,+23.02,116.8,93.8,71.6,-.097,+1.71,104.7,103.0,+1.71
10,11,Florida Atlantic,Amer,10-2,+22.99,118.8,95.8,69.3,+.032,+7.45,108.6,101.1,+7.45
11,12,Iowa St.,B12,10-2,+22.41,112.9,90.5,71.8,-.065,-6.93,99.9,106.8,-6.93
12,13,Marquette,BE,10-3,+22.32,115.2,92.9,70.7,-.002,+6.90,107.6,100.7,+6.90
13,14,Wisconsin,B10,9-3,+22.20,118.3,96.1,65.6,+.022,+7.98,105.8,97.8,+5.90
14,15,North Carolina,ACC,8-3,+22.12,118.5,96.4,73.2,-.077,+9.53,109.3,99.8,+10.47
15,16,Kansas,B12,11-1,+21.88,113.2,91.3,70.5,+.123,+4.24,106.4,102.2,+4.24
16,17,Creighton,BE,9-3,+21.86,116.6,94.7,68.1,-.009,+4.53,107.7,103.2,+3.39
17,18,Baylor,B12,10-2,+21.63,120.8,99.2,70.1,+.041,+0.10,104.2,104.1,+0.10
18,19,Kentucky,SEC,9-2,+20.82,117.8,97.0,73.9,-.040,+0.36,104.9,104.5,+0.36
19,20,Gonzaga,WCC,9-3,+20.68,115.7,95.1,71.2,-.036,+3.31,106.8,103.5,+3.31
20,21,Michigan St.,B10,7-5,+20.65,113.1,92.4,66.6,-.158,+4.67,108.4,103.8,+0.93
21,22,Oklahoma,B12,10-1,+20.55,112.6,92.0,69.8,+.020,-3.28,102.7,105.9,-3.28
22,23,Texas A&M,SEC,8-4,+20.13,120.0,99.8,65.2,-.047,+9.99,108.4,98.4,+9.99
23,24,Colorado,P12,9-2,+19.96,116.0,96.0,71.2,-.089,-3.03,103.6,106.6,-3.03
24,25,Villanova,BE,9-4,+19.64,113.2,93.6,65.7,-.065,+6.89,107.4,100.5,+5.85
25,26,Clemson,ACC,10-1,+19.60,115.8,96.2,68.4,+.033,+6.53,109.5,103.0,+4.96
26,27,Ohio St.,B10,10-2,+19.40,116.1,96.7,67.3,-.025,-0.97,104.8,105.7,-3.03
27,28,Colorado St.,MWC,11-1,+18.46,118.7,100.3,67.9,-.006,+4.75,107.8,103.0,+4.75
28,29,Mississippi St.,SEC,10-2,+18.04,110.2,92.2,69.2,-.050,+0.93,104.3,103.4,+0.93
29,30,San Diego St.,MWC,10-2,+18.01,112.7,94.6,68.0,+.067,+7.46,107.9,100.4,+7.46
30,31,Utah,P12,9-2,+17.78,115.2,97.4,71.3,+.048,+4.45,106.1,101.7,+4.45
31,32,Memphis,Amer,10-2,+17.40,112.6,95.1,74.0,+.109,+9.39,109.5,100.1,+9.39
32,33,Florida,SEC,9-3,+16.92,114.7,97.8,74.3,-.042,+2.75,104.7,102.0,+2.75
33,34,New Mexico,MWC,11-1,+16.53,111.8,95.3,74.6,+.096,-0.65,103.8,104.5,-0.65
34,35,Dayton,A10,9-2,+16.35,117.4,101.0,63.8,+.074,+5.47,106.8,101.3,+5.47
35,36,TCU,B12,10-2,+16.19,112.5,96.4,73.1,-.017,-6.45,100.6,107.1,-6.45
36,37,Nevada,MWC,12-1,+16.02,111.8,95.8,69.5,+.092,-0.35,103.7,104.1,-0.35
37,38,Texas,B12,9-2,+15.88,114.4,98.5,69.0,+.036,-5.32,100.8,106.1,-5.32
38,39,Virginia,ACC,9-2,+15.85,105.9,90.0,62.2,+.130,+1.76,106.2,104.4,+1.44
39,40,Cincinnati,B12,10-2,+15.36,113.1,97.8,70.2,-.002,-3.93,102.3,106.2,-3.93
40,41,Providence,BE,11-2,+15.29,107.4,92.1,70.0,+.037,-1.00,103.4,104.4,-4.10
41,42,Xavier,BE,7-6,+14.65,109.4,94.7,71.4,-.126,+5.46,107.4,101.9,+3.89
42,43,St. John's,BE,8-4,+14.54,113.0,98.4,71.0,-.034,+4.57,107.2,102.6,+1.40
43,44,Pittsburgh,ACC,9-3,+14.48,111.0,96.6,68.7,-.052,-4.49,103.0,107.5,-6.25
44,45,Texas Tech,B12,9-2,+14.37,110.8,96.4,68.2,+.040,-1.38,104.8,106.2,-1.38
45,46,USC,P12,6-5,+14.13,111.9,97.8,70.8,-.092,+5.06,106.1,101.1,+5.06
46,47,Michigan,B10,6-6,+14.03,116.1,102.1,68.6,-.141,+8.19,109.2,101.0,+7.50
47,48,Oregon,P12,8-3,+13.75,111.9,98.2,70.0,-.003,+1.77,105.5,103.7,+1.77
48,49,Virginia Tech,ACC,9-3,+13.48,111.0,97.5,68.0,+.056,-0.01,104.0,104.0,+1.01
49,50,Saint Mary's,WCC,8-6,+13.37,107.3,93.9,64.5,-.080,+6.00,107.4,101.4,+6.00
50,51,SMU,Amer,9-4,+13.32,108.5,95.2,68.5,-.103,-1.21,103.9,105.2,-1.21
51,52,San Francisco,WCC,10-4,+13.30,106.5,93.2,66.9,-.095,+0.02,103.2,103.2,+0.02
52,53,Liberty,CUSA,10-3,+13.28,113.2,100.0,64.7,+.000,+0.23,103.9,103.6,+0.23
53,54,Nebraska,B10,10-2,+13.28,113.0,99.7,68.7,+.082,-2.08,102.2,104.2,-5.80
54,55,Princeton,Ivy,11-1,+13.26,115.7,102.4,64.7,+.032,+3.13,106.0,102.9,+3.13
55,56,Northwestern,B10,9-2,+13.23,110.6,97.3,64.2,+.010,-2.83,103.0,105.8,-5.32
56,57,Iowa,B10,7-5,+13.11,116.2,103.0,73.7,-.058,+2.68,106.0,103.3,-1.85
57,58,Wake Forest,ACC,8-3,+13.02,113.7,100.6,68.4,-.114,-3.58,102.1,105.6,-3.58
58,59,Indiana St.,MVC,11-1,+13.02,113.5,100.4,73.4,+.096,-3.19,103.8,107.0,-5.36
59,60,Washington,P12,8-3,+12.97,112.2,99.2,71.9,-.006,+4.35,106.4,102.1,+4.35
60,61,Grand Canyon,WAC,10-1,+12.54,112.3,99.8,69.9,+.058,-2.59,102.3,104.9,-1.10
61,62,Utah St.,MWC,12-1,+12.49,109.8,97.3,70.0,+.079,+1.38,104.1,102.7,+1.38
62,63,Butler,BE,10-3,+12.28,112.7,100.5,69.2,+.023,+1.10,104.6,103.5,-0.18
63,64,Miami FL,ACC,9-2,+12.25,115.0,102.8,70.3,+.117,-2.75,102.0,104.7,-1.74
64,65,Washington St.,P12,9-2,+12.25,109.6,97.4,67.9,-.002,-5.50,100.7,106.2,-5.50
65,66,Arkansas,SEC,8-4,+12.20,110.8,98.6,70.7,+.026,+2.95,106.7,103.7,+2.95
66,67,South Carolina,SEC,11-1,+11.95,111.6,99.6,65.3,+.062,-4.17,102.3,106.4,-4.17
67,68,James Madison,SB,12-0,+11.88,113.2,101.3,73.4,+.091,-4.44,101.7,106.1,-4.44
68,69,Kansas St.,B12,9-3,+11.74,107.5,95.8,69.0,+.098,+2.69,106.1,103.4,+2.69
69,70,Maryland,B10,8-4,+11.33,105.9,94.5,67.4,-.022,-2.41,103.9,106.3,-4.62
70,71,UC Irvine,BW,7-5,+11.13,107.0,95.9,69.6,-.108,+6.23,108.5,102.3,+6.23
71,72,Boise St.,MWC,8-4,+11.07,108.1,97.1,70.1,+.006,+7.65,107.2,99.5,+7.65
72,73,Drake,MVC,11-2,+10.94,110.3,99.4,68.8,+.054,-3.20,102.8,106.0,-3.10
73,74,N.C. State,ACC,9-3,+10.88,110.4,99.5,70.1,+.031,-3.39,103.1,106.5,-5.32
74,75,St. Bonaventure,A10,8-3,+10.31,109.9,99.6,66.4,-.004,-5.09,101.6,106.7,-5.09
75,76,Rutgers,B10,7-4,+10.06,103.2,93.2,67.9,-.002,+0.83,104.3,103.5,-1.31
76,77,Saint Joseph's,A10,9-3,+9.93,108.0,98.0,68.8,-.041,-4.18,102.6,106.8,-4.18
77,78,UCF,B12,8-3,+9.91,104.9,95.0,72.0,-.037,-4.65,102.0,106.6,-4.65
78,79,Seton Hall,BE,8-5,+9.87,111.1,101.2,67.1,+.005,+2.69,106.1,103.5,-0.99
79,80,Mississippi,SEC,12-0,+9.59,110.7,101.1,67.0,+.112,-3.13,102.1,105.2,-3.13
80,81,North Texas,Amer,6-5,+9.56,106.3,96.7,62.4,-.171,+1.00,103.8,102.8,+1.00
81,82,Georgia,SEC,9-3,+9.29,106.8,97.5,70.1,+.045,+0.74,105.1,104.4,+0.74
82,83,Indiana,B10,9-3,+9.08,108.5,99.4,70.4,+.184,+3.05,106.4,103.3,+0.70
83,84,UCLA,P12,5-6,+9.07,105.4,96.3,66.2,-.198,+0.15,102.9,102.7,+0.15
84,85,Minnesota,B10,9-3,+8.97,109.6,100.6,69.0,-.045,-8.86,100.7,109.5,-13.03
85,86,Syracuse,ACC,9-3,+8.88,107.0,98.1,72.3,+.130,+3.91,106.5,102.6,+2.19
86,87,Boston College,ACC,9-3,+8.53,110.1,101.6,70.1,-.017,-1.32,104.2,105.6,-2.18
87,88,VCU,A10,7-5,+8.43,107.2,98.8,65.4,-.116,-0.22,104.5,104.7,-0.22
88,89,Louisiana Tech,CUSA,9-4,+8.20,104.8,96.6,67.6,-.069,+1.72,105.9,104.2,+1.72
89,90,Duquesne,A10,8-3,+8.17,110.9,102.7,68.2,+.022,+0.59,104.3,103.8,+0.59
90,91,McNeese St.,Slnd,10-2,+8.01,111.4,103.4,64.4,-.026,+1.63,105.3,103.7,+1.63
91,92,Missouri,SEC,7-5,+7.90,110.3,102.4,68.2,-.005,+1.65,105.5,103.9,+1.65
92,93,Oklahoma St.,B12,6-5,+7.74,105.9,98.2,68.5,-.160,-3.38,102.3,105.7,-3.38
93,94,Stanford,P12,5-5,+7.46,108.4,100.9,70.3,-.081,-0.63,104.7,105.4,-0.63
94,95,Appalachian St.,SB,9-3,+7.45,107.3,99.8,68.8,+.001,-1.49,103.7,105.2,-1.49
95,96,UNLV,MWC,5-5,+7.45,111.0,103.5,66.6,-.073,+2.90,105.8,103.0,+2.90
96,97,Florida St.,ACC,6-5,+7.15,105.2,98.1,71.6,-.020,+4.39,107.2,102.8,+2.18
97,98,Samford,SC,11-2,+6.90,109.9,103.0,75.9,+.163,-8.07,100.0,108.1,-8.07
98,99,Richmond,A10,7-5,+6.85,107.7,100.8,68.2,-.099,-1.32,104.1,105.4,-1.32
99,100,George Mason,A10,10-2,+6.55,107.0,100.4,65.3,+.101,-2.21,104.1,106.3,-2.21
100,101,Massachusetts,A10,8-3,+6.54,109.8,103.2,72.7,-.086,-4.22,101.5,105.7,-4.22
101,102,Southern Illinois,MVC,8-4,+6.45,108.9,102.5,65.2,-.065,-4.26,102.1,106.3,-6.38
102,103,Missouri St.,MVC,9-4,+5.84,105.0,99.1,70.3,-.012,-1.58,102.5,104.1,-2.86
103,104,LSU,SEC,7-5,+5.68,106.2,100.5,70.3,-.023,-2.14,103.0,105.2,-2.14
104,105,Northern Iowa,MVC,6-7,+5.68,110.2,104.5,67.5,-.121,+3.85,106.9,103.1,+4.64
105,106,Hofstra,CAA,7-5,+5.61,108.6,103.0,67.1,-.014,+3.17,107.9,104.7,+3.17
106,107,Akron,MAC,8-3,+5.23,107.3,102.1,67.5,+.078,+1.64,105.0,103.4,+1.64
107,108,Tulane,Amer,8-3,+5.17,111.8,106.6,75.6,+.050,-4.89,101.0,105.9,-4.89
108,109,Kent St.,MAC,7-4,+5.12,108.2,103.1,69.9,-.067,+0.70,104.2,103.5,+0.70
109,110,Georgia Tech,ACC,8-4,+5.11,105.5,100.4,68.3,+.148,+4.84,106.8,101.9,+3.37
110,111,Penn St.,B10,6-6,+5.00,107.4,102.4,71.5,-.123,-1.55,103.2,104.7,-5.73
111,112,Yale,Ivy,7-6,+4.81,108.3,103.5,66.4,-.006,+3.89,105.9,102.0,+3.89
112,113,UNC Wilmington,CAA,9-2,+4.80,108.5,103.7,67.9,+.197,+3.04,106.9,103.8,+3.04
113,114,Weber St.,BSky,7-4,+4.75,106.1,101.4,64.0,-.059,+3.64,104.4,100.8,+3.64
114,115,Seattle,WAC,7-5,+4.58,104.7,100.1,68.9,-.129,-2.56,101.4,104.0,-2.37
115,116,Santa Clara,WCC,9-5,+4.52,108.6,104.1,71.3,+.048,+3.38,105.7,102.4,+3.38
116,117,Wichita St.,Amer,8-4,+4.47,104.5,100.0,70.9,+.035,+0.81,105.6,104.8,+0.81
117,118,Arizona St.,P12,6-5,+4.28,101.1,96.8,71.6,+.117,+5.77,105.7,99.9,+5.77
118,119,Davidson,A10,9-3,+4.24,107.9,103.7,65.7,+.117,-0.44,103.1,103.5,-0.44
119,120,Vermont,AE,9-5,+4.14,107.8,103.6,65.2,+.021,+1.47,105.6,104.2,+1.47
120,121,Cornell,Ivy,9-2,+4.11,111.5,107.4,74.3,+.069,-3.27,100.0,103.2,-3.27
121,122,Charleston,CAA,8-4,+3.98,107.0,103.0,73.0,+.122,+1.05,106.3,105.3,+1.05
122,123,Charlotte,Amer,6-5,+3.88,103.8,99.9,65.0,-.046,+2.76,105.8,103.1,+2.76
123,124,Long Beach St.,BW,8-4,+3.76,106.8,103.0,73.6,+.098,+3.39,105.9,102.6,+3.39
124,125,Bradley,MVC,7-5,+3.63,104.4,100.7,67.8,+.028,+1.64,106.6,104.9,+1.00
125,126,Loyola Marymount,WCC,7-6,+3.47,105.8,102.3,68.1,-.087,-1.47,103.8,105.2,-1.47
126,127,Drexel,CAA,7-6,+3.38,102.5,99.1,64.8,-.069,-0.08,104.2,104.3,-0.08
127,128,Hawaii,BW,8-4,+3.21,103.6,100.4,67.9,-.045,-4.09,101.9,106.0,-4.09
128,129,West Virginia,B12,5-7,+3.13,104.6,101.4,68.3,-.040,+1.88,104.4,102.5,+1.88
129,130,Louisiana,SB,7-5,+3.11,108.7,105.6,67.4,-.047,+2.49,107.0,104.5,+2.49
130,131,Montana,BSky,7-4,+2.86,107.4,104.6,67.6,+.049,+6.28,107.2,100.9,+6.28
131,132,Stephen F. Austin,WAC,7-5,+2.67,101.4,98.7,72.8,-.033,+0.07,103.6,103.6,+0.72
132,133,Western Carolina,SC,10-2,+2.62,106.0,103.4,69.9,+.171,-1.97,102.8,104.8,-1.97
133,134,Furman,SC,6-6,+2.60,109.0,106.4,73.4,-.120,+1.36,107.5,106.1,+1.36
134,135,South Florida,Amer,6-4,+2.59,102.5,99.9,70.9,-.043,-5.40,102.4,107.8,-5.40
135,136,Youngstown St.,Horz,10-3,+2.53,105.0,102.4,70.7,+.108,+0.34,105.7,105.3,+2.52
136,137,High Point,BSth,10-4,+2.51,110.3,107.8,67.6,-.093,-3.64,103.3,107.0,-3.64
137,138,UNC Greensboro,SC,9-3,+2.49,107.3,104.8,67.0,+.056,-2.94,103.8,106.7,-2.94
138,139,Loyola Chicago,A10,7-5,+2.29,104.1,101.8,69.0,+.018,-2.11,102.2,104.3,-2.11
139,140,UC Santa Barbara,BW,7-3,+2.28,107.1,104.8,70.5,+.051,-2.14,102.3,104.4,-2.14
140,141,Wright St.,Horz,6-6,+2.11,111.8,109.7,72.2,-.120,+1.00,105.6,104.6,+3.34
141,142,Delaware,CAA,8-4,+1.81,107.0,105.2,68.4,-.036,-2.85,102.1,104.9,-2.85
142,143,Morehead St.,OVC,9-4,+1.60,106.2,104.6,66.6,+.125,+6.31,108.5,102.2,+6.31
143,144,Radford,BSth,10-4,+1.53,106.2,104.7,65.4,+.090,-2.35,103.4,105.8,-2.35
144,145,UMass Lowell,AE,8-4,+1.28,103.7,102.4,70.3,-.051,-3.51,99.4,102.9,-3.51
145,146,Belmont,MVC,9-4,+1.27,108.9,107.6,72.9,+.173,-0.38,104.0,104.4,+0.20
146,147,Oakland,Horz,6-7,+1.19,107.3,106.2,67.5,+.028,+7.01,108.3,101.2,+10.20
147,148,Illinois Chicago,MVC,7-5,+1.19,100.5,99.3,69.0,-.143,-4.33,101.5,105.8,-3.99
148,149,Winthrop,BSth,8-6,+1.16,106.8,105.7,68.2,-.039,-0.23,105.0,105.3,-0.23
149,150,Portland St.,BSky,9-3,+1.01,103.5,102.5,68.3,+.075,+0.99,104.0,103.0,+0.99
150,151,Purdue Fort Wayne,Horz,11-2,+0.99,105.0,104.0,72.3,+.088,-6.81,99.2,106.0,-7.31
151,152,Lipscomb,ASun,8-6,+0.97,104.8,103.8,71.0,-.039,+0.40,104.6,104.2,+0.40
152,153,Longwood,BSth,12-2,+0.70,101.3,100.6,68.7,+.026,-11.35,97.7,109.0,-11.35
153,154,Colgate,Pat,6-6,+0.58,104.7,104.1,66.1,+.041,+5.03,106.4,101.3,+5.03
154,155,Toledo,MAC,6-6,+0.54,110.1,109.5,71.4,+.025,+3.33,106.8,103.4,+3.33
155,156,Western Kentucky,CUSA,10-3,+0.51,99.9,99.4,76.2,+.112,-1.78,103.9,105.7,-1.78
156,157,Ohio,MAC,6-5,+0.33,108.1,107.8,69.1,-.129,-5.03,100.5,105.5,-5.03
157,158,Jacksonville St.,CUSA,6-7,+0.32,100.1,99.7,65.3,-.152,-2.92,103.2,106.2,-2.92
158,159,Evansville,MVC,10-2,+0.14,103.1,103.0,71.7,+.186,-5.56,101.8,107.4,-8.32
159,160,South Dakota St.,Sum,6-7,-0.07,105.6,105.6,70.1,-.090,+3.29,105.4,102.1,+3.29
160,161,California,P12,4-7,-0.09,107.4,107.5,68.3,-.154,-1.32,103.8,105.1,-1.32
161,162,San Jose St.,MWC,7-6,-0.23,105.0,105.2,67.0,-.037,-2.04,103.6,105.6,-2.04
162,163,Cal Baptist,WAC,7-4,-0.31,104.0,104.3,66.5,-.027,-4.77,101.4,106.2,-4.45
163,164,Cleveland St.,Horz,8-5,-0.32,105.5,105.8,69.5,+.030,-2.66,103.1,105.7,-1.90
164,165,East Carolina,Amer,7-5,-0.38,106.5,106.9,66.6,-.046,-7.08,100.7,107.8,-7.08
165,166,UAB,Amer,7-5,-0.43,108.5,108.9,67.8,+.127,-0.56,104.3,104.9,-0.56
166,167,George Washington,A10,10-2,-0.56,103.3,103.9,74.0,+.151,-8.20,100.2,108.4,-8.20
167,168,UC San Diego,BW,6-6,-0.64,104.2,104.9,66.3,-.126,-0.51,104.3,104.8,-0.51
168,169,Harvard,Ivy,8-3,-0.72,104.2,105.0,69.4,+.144,-0.36,105.0,105.4,-0.36
169,170,Iona,MAAC,5-7,-0.76,103.9,104.6,68.9,-.085,-1.20,103.4,104.6,-0.62
170,171,Eastern Washington,BSky,4-7,-0.90,104.9,105.8,71.6,+.024,+13.55,111.1,97.5,+13.55
171,172,Northeastern,CAA,5-7,-0.96,108.3,109.3,67.0,-.042,+1.29,105.4,104.1,+1.29
172,173,Arkansas St.,SB,4-8,-0.98,103.3,104.3,69.5,-.094,+1.48,107.4,105.9,+1.48
173,174,South Alabama,SB,7-5,-1.06,105.5,106.5,66.6,+.106,-3.37,103.1,106.5,-3.37
174,175,Oral Roberts,Sum,5-6,-1.19,108.2,109.4,67.2,+.009,+8.81,107.5,98.7,+8.81
175,176,Towson,CAA,6-6,-1.25,103.5,104.8,61.4,+.046,-0.76,103.3,104.1,-0.76
176,177,Penn,Ivy,8-5,-1.25,107.1,108.3,66.3,-.045,-3.84,102.6,106.4,-3.84
177,178,Canisius,MAAC,6-6,-1.30,104.7,106.0,69.6,-.028,+1.77,104.5,102.7,+4.59
178,179,UT Arlington,WAC,6-6,-1.38,103.5,104.9,71.2,+.036,+6.25,107.3,101.0,+6.65
179,180,Texas St.,SB,6-6,-1.48,98.1,99.6,67.5,+.062,+5.99,108.2,102.2,+5.99
180,181,Utah Valley,WAC,6-6,-1.52,99.3,100.8,68.2,+.054,+3.84,106.1,102.3,+5.21
181,182,Tulsa,Amer,8-3,-1.54,99.0,100.5,72.1,-.003,-9.50,99.8,109.3,-9.50
182,183,Georgetown,BE,7-6,-1.59,106.4,108.0,68.7,+.010,-3.72,101.1,104.8,-8.17
183,184,Bryant,AE,8-6,-1.67,99.7,101.3,75.4,+.071,+1.24,103.4,102.1,+1.24
184,185,Fresno St.,MWC,6-6,-1.69,102.2,103.9,68.0,-.007,-2.24,103.2,105.5,-2.24
185,186,UTEP,CUSA,8-5,-1.77,98.2,100.0,71.5,+.063,-1.12,103.7,104.8,-1.12
186,187,Wofford,SC,6-6,-1.78,106.7,108.4,72.0,+.007,+3.74,105.9,102.1,+3.74
187,188,Louisville,ACC,5-7,-1.81,103.5,105.3,70.7,-.065,-2.89,102.9,105.8,-4.85
188,189,Tarleton St.,WAC,8-4,-1.87,101.8,103.7,66.5,+.123,+2.19,102.8,100.6,+4.39
189,190,UNC Asheville,BSth,8-6,-1.90,103.4,105.3,67.8,+.098,+2.93,106.7,103.7,+2.93
190,191,St. Thomas,Sum,8-5,-1.99,104.2,106.1,63.6,-.065,-3.35,102.7,106.0,-3.35
191,192,Oregon St.,P12,8-3,-2.08,101.0,103.1,66.8,+.226,-2.72,103.0,105.8,-2.72
192,193,La Salle,A10,9-3,-2.15,106.3,108.5,68.3,+.160,-6.76,99.8,106.6,-6.76
193,194,Illinois St.,MVC,8-4,-2.17,98.8,100.9,68.0,+.075,-5.23,103.1,108.4,-6.03
194,195,Rice,Amer,6-7,-2.23,104.2,106.5,68.9,-.022,-0.57,104.2,104.7,-0.57
195,196,Sam Houston St.,CUSA,6-7,-2.25,101.1,103.3,70.0,-.019,-0.56,102.3,102.9,-0.56
196,197,Marist,MAAC,7-3,-2.34,99.2,101.5,65.8,+.015,-8.60,98.0,106.6,-8.89
197,198,Bowling Green,MAC,9-3,-2.40,101.5,103.9,69.0,+.098,-7.29,99.3,106.6,-7.29
198,199,Air Force,MWC,7-5,-2.40,100.2,102.6,64.2,-.064,-9.30,99.9,109.2,-9.30
199,200,Saint Louis,A10,7-6,-2.44,107.4,109.8,69.6,+.130,+1.70,103.8,102.1,+1.70
200,201,Abilene Christian,WAC,5-7,-2.46,102.7,105.1,70.6,-.006,+1.42,102.6,101.2,+1.63
201,202,Marshall,SB,5-8,-2.54,100.3,102.8,73.9,-.033,+1.41,106.9,105.5,+1.41
202,203,Wyoming,MWC,7-5,-2.72,103.3,106.0,69.5,+.066,+0.45,104.5,104.0,+0.45
203,204,Norfolk St.,MEAC,9-6,-2.84,104.4,107.3,66.6,+.008,-0.49,103.3,103.8,-0.49
204,205,Temple,Amer,7-6,-2.99,102.0,105.0,69.7,+.073,-0.95,103.2,104.1,-0.95
205,206,Chattanooga,SC,8-4,-3.16,104.9,108.1,67.6,-.009,-7.33,100.3,107.7,-7.33
206,207,Troy,SB,6-6,-3.16,102.9,106.1,71.9,-.137,-1.57,104.5,106.1,-1.57
207,208,Northern Kentucky,Horz,7-6,-3.26,103.6,106.8,68.9,+.011,-1.74,102.0,103.8,+2.13
208,209,Kennesaw St.,ASun,9-4,-3.28,104.2,107.5,77.2,+.117,-2.89,103.0,105.9,-2.89
209,210,Fordham,A10,5-7,-3.39,96.6,100.0,71.9,-.114,-5.50,102.3,107.8,-5.50
210,211,The Citadel,SC,7-5,-3.41,101.8,105.2,66.0,-.070,-3.83,102.2,106.0,-3.83
211,212,Vanderbilt,SEC,4-8,-3.45,103.7,107.2,67.0,-.026,-1.26,103.0,104.2,-1.26
212,213,Cal St. Fullerton,BW,7-5,-3.50,99.2,102.7,66.4,+.164,+3.58,105.9,102.3,+3.58
213,214,Pepperdine,WCC,6-8,-3.55,102.7,106.2,68.8,-.086,-1.37,103.3,104.7,-1.37
214,215,UC Davis,BW,5-6,-3.59,101.1,104.7,69.0,-.105,-3.77,103.0,106.8,-3.77
215,216,San Diego,WCC,9-4,-3.60,100.2,103.8,72.1,+.154,-3.62,101.8,105.4,-3.62
216,217,Gardner Webb,BSth,5-9,-3.67,98.8,102.4,70.5,-.011,+4.99,108.1,103.2,+4.99
217,218,Northern Illinois,MAC,6-5,-3.70,105.6,109.3,71.4,+.103,+4.86,107.6,102.8,+4.86
218,219,Denver,Sum,8-5,-3.78,109.0,112.8,71.4,-.031,+0.09,105.0,104.9,+0.09
219,220,Stetson,ASun,7-6,-3.83,108.6,112.4,66.4,+.056,+4.72,106.2,101.5,+4.72
220,221,Mount St. Mary's,MAAC,5-7,-3.85,100.6,104.4,70.4,-.169,-6.94,99.2,106.1,-4.32
221,222,Georgia St.,SB,5-6,-3.93,103.1,107.0,67.4,-.019,+0.37,106.1,105.8,+0.37
222,223,New Hampshire,AE,8-4,-3.95,101.7,105.6,73.8,+.116,-2.93,101.7,104.6,-2.93
223,224,Notre Dame,ACC,5-7,-4.27,96.9,101.2,65.3,+.022,+0.13,104.6,104.4,-1.89
224,225,Columbia,Ivy,8-3,-4.51,103.6,108.1,68.8,+.041,-8.96,97.9,106.9,-8.96
225,226,Fairfield,MAAC,6-6,-4.51,100.9,105.4,69.9,-.012,-3.00,102.8,105.8,-2.59
226,227,North Alabama,ASun,6-7,-4.56,103.0,107.5,69.6,-.056,-1.40,103.0,104.4,-1.40
227,228,Maine,AE,8-6,-4.58,99.2,103.7,66.5,+.028,-4.94,100.6,105.5,-4.94
228,229,Monmouth,CAA,7-5,-4.62,102.4,107.0,69.5,+.129,-1.22,104.5,105.7,-1.22
229,230,Murray St.,MVC,3-9,-4.65,106.6,111.2,66.2,-.080,+0.39,103.0,102.6,+0.31
230,231,North Dakota St.,Sum,7-6,-4.72,104.5,109.2,66.9,+.097,+3.93,106.6,102.7,+3.93
231,232,Southern Utah,WAC,4-8,-4.84,105.8,110.6,71.1,-.079,+1.54,103.4,101.8,+1.38
232,233,East Tennessee St.,SC,7-5,-4.89,99.7,104.6,68.7,+.100,-0.24,104.3,104.6,-0.24
233,234,Old Dominion,SB,4-8,-4.94,102.4,107.4,69.9,+.015,+3.87,107.9,104.0,+3.87
234,235,Rhode Island,A10,5-7,-4.97,103.1,108.1,68.2,-.019,-0.70,102.9,103.6,-0.70
235,236,Southern Miss,SB,6-6,-5.06,102.6,107.7,68.8,+.098,-0.53,105.5,106.0,-0.53
236,237,Cal St. Northridge,BW,9-3,-5.09,99.9,105.0,75.0,+.027,-8.66,98.5,107.1,-8.66
237,238,DePaul,BE,2-9,-5.23,100.2,105.5,69.6,-.045,+4.92,107.3,102.4,+3.78
238,239,Quinnipiac,MAAC,9-3,-5.26,100.4,105.7,71.7,+.148,-8.88,99.1,108.0,-10.34
239,240,Merrimack,NEC,6-7,-5.27,95.4,100.6,67.6,-.039,+3.80,106.9,103.1,+3.80
240,241,Austin Peay,ASun,7-7,-5.37,98.7,104.1,64.6,+.082,+1.07,104.7,103.6,+1.07
241,242,Howard,MEAC,4-9,-5.41,105.2,110.6,69.8,-.061,+1.85,104.2,102.4,+1.85
242,243,Saint Peter's,MAAC,5-5,-5.71,94.8,100.5,63.3,+.001,-1.13,104.9,106.0,-0.76
243,244,UC Riverside,BW,5-7,-5.73,102.0,107.7,66.5,-.030,+2.72,105.5,102.8,+2.72
244,245,Southern,SWAC,4-7,-5.87,99.5,105.3,70.6,+.022,+13.88,110.8,96.9,+13.88
245,246,New Mexico St.,CUSA,5-9,-5.91,101.6,107.5,68.0,-.101,+8.26,107.5,99.3,+8.26
246,247,Miami OH,MAC,5-6,-5.98,102.8,108.7,69.5,+.016,+1.55,104.2,102.7,+1.55
247,248,Northern Arizona,BSky,6-6,-6.01,98.1,104.1,70.1,+.172,+2.75,105.4,102.7,+2.75
248,249,Northern Colorado,BSky,5-6,-6.08,102.1,108.2,72.8,+.060,+0.76,104.3,103.5,+0.76
249,250,Florida Gulf Coast,ASun,5-9,-6.09,102.9,109.0,64.4,-.047,+3.57,105.9,102.3,+3.57
250,251,Tennessee St.,OVC,7-6,-6.21,101.2,107.4,69.7,-.016,+1.53,105.1,103.5,+1.53
251,252,North Dakota,Sum,8-5,-6.34,101.2,107.5,68.5,+.087,-3.47,103.2,106.6,-3.47
252,253,Ball St.,MAC,8-4,-6.47,102.1,108.6,66.6,+.133,-5.88,102.8,108.7,-5.88
253,254,Portland,WCC,6-9,-6.52,101.6,108.2,70.4,+.006,+0.89,104.8,103.9,+0.89
254,255,Jackson St.,SWAC,4-8,-6.56,101.2,107.7,70.6,+.130,+7.42,108.1,100.7,+7.42
255,256,Albany,AE,7-6,-6.56,100.9,107.4,74.4,+.027,-3.62,100.5,104.1,-3.62
256,257,Tennessee Martin,OVC,7-6,-6.61,104.5,111.1,75.5,+.006,+2.57,105.0,102.4,+2.57
257,258,Utah Tech,WAC,5-7,-6.66,99.2,105.9,70.0,+.045,+1.70,104.2,102.5,+2.41
258,259,Stony Brook,CAA,6-6,-6.81,102.0,108.8,69.4,+.080,+0.27,103.6,103.3,+0.27
259,260,Mercer,SC,6-6,-6.93,99.7,106.6,67.1,+.112,-2.89,103.9,106.8,-2.89
260,261,FIU,CUSA,5-9,-6.93,99.5,106.4,71.7,-.030,-2.19,103.2,105.4,-2.19
261,262,Nicholls St.,Slnd,4-8,-7.00,99.9,106.9,68.4,+.018,+9.61,110.1,100.5,+9.61
262,263,Eastern Kentucky,ASun,4-8,-7.18,102.0,109.2,70.7,-.073,+0.04,105.1,105.1,+0.04
263,264,Brown,Ivy,4-9,-7.18,97.2,104.4,69.5,-.021,-1.00,102.7,103.7,-1.00
264,265,Bellarmine,ASun,4-10,-7.41,99.6,107.0,67.0,-.125,+8.12,108.5,100.4,+8.12
265,266,Little Rock,OVC,6-7,-7.43,104.7,112.1,72.5,-.006,-6.22,100.9,107.1,-6.22
266,267,Middle Tennessee,CUSA,5-8,-7.47,95.8,103.3,63.3,+.004,-1.85,103.8,105.7,-1.85
267,268,SIU Edwardsville,OVC,7-6,-7.65,103.3,111.0,64.7,+.063,-0.03,105.5,105.5,-0.03
268,269,Central Connecticut,NEC,5-7,-7.67,100.0,107.7,68.9,-.061,-1.92,102.5,104.5,-1.92
269,270,North Carolina Central,MEAC,7-7,-7.78,100.3,108.1,68.3,+.035,+1.39,103.8,102.4,+1.39
270,271,Jacksonville,ASun,8-5,-8.06,101.4,109.4,69.7,+.189,-2.65,102.7,105.3,-2.65
271,272,Montana St.,BSky,5-6,-8.16,97.6,105.8,66.5,+.088,-0.73,104.5,105.3,-0.73
272,273,Queens,ASun,6-8,-8.24,102.3,110.5,73.8,+.101,+2.24,105.5,103.3,+2.24
273,274,Rider,MAAC,3-9,-8.36,99.4,107.7,68.9,-.074,+2.06,105.4,103.3,+6.06
274,275,Binghamton,AE,7-5,-8.69,101.4,110.1,70.7,+.128,-4.65,100.7,105.3,-4.65
275,276,Boston University,Pat,4-8,-8.88,96.0,104.9,67.4,-.101,-1.80,102.0,103.8,-1.80
276,277,Texas A&M Corpus Chris,Slnd,6-6,-8.90,97.3,106.2,70.5,+.062,+0.44,103.3,102.8,+0.44
277,278,Texas Southern,SWAC,1-9,-8.95,97.4,106.4,68.3,-.012,+11.44,110.7,99.2,+11.44
278,279,Southeastern Louisiana,Slnd,4-8,-9.07,98.0,107.1,66.0,-.028,+5.13,106.9,101.8,+5.13
279,280,Prairie View A&M,SWAC,5-6,-9.37,94.5,103.9,71.8,+.074,+7.11,108.8,101.6,+7.11
280,281,Lehigh,Pat,2-8,-9.40,98.3,107.7,71.5,-.067,+4.92,107.6,102.7,+4.92
281,282,Idaho St.,BSky,4-7,-9.41,100.2,109.6,66.1,-.077,+0.44,103.6,103.2,+0.44
282,283,Navy,Pat,3-7,-9.42,94.8,104.2,67.1,-.213,-4.68,99.8,104.5,-4.68
283,284,Lamar,Slnd,5-7,-9.45,102.4,111.8,72.9,-.089,-5.82,100.0,105.8,-5.82
284,285,Cal St. Bakersfield,BW,5-6,-9.51,100.5,110.0,64.1,+.031,+0.20,105.9,105.7,+0.20
285,286,Nebraska Omaha,Sum,6-7,-9.74,100.9,110.6,68.7,-.037,+0.10,103.9,103.8,+0.10
286,287,USC Upstate,BSth,4-8,-9.83,98.6,108.4,67.5,+.021,+2.16,106.8,104.6,+2.16
287,288,UMKC,Sum,5-8,-9.84,99.2,109.0,68.0,-.101,+2.47,104.8,102.3,+2.47
288,289,Robert Morris,Horz,4-9,-9.89,98.5,108.4,71.0,-.026,-0.36,105.2,105.5,-0.36
289,290,New Orleans,Slnd,5-7,-9.93,99.4,109.3,73.7,-.067,+7.77,107.7,99.9,+7.77
290,291,Western Illinois,OVC,7-6,-10.07,95.9,106.0,67.3,+.029,-0.52,104.1,104.6,-0.52
291,292,American,Pat,5-7,-10.21,103.8,114.1,64.7,-.011,-3.87,102.0,105.8,-3.87
292,293,Milwaukee,Horz,5-7,-10.35,104.4,114.7,68.7,+.120,-1.13,103.4,104.6,-0.49
293,294,Sacred Heart,NEC,5-9,-10.68,97.4,108.1,70.9,-.044,-4.40,101.3,105.7,-4.40
294,295,Sacramento St.,BSky,3-8,-10.72,98.8,109.5,69.2,-.071,+2.67,105.5,102.8,+2.67
295,296,Green Bay,Horz,6-7,-10.73,97.8,108.5,65.3,+.030,-0.22,103.4,103.6,+0.86
296,297,North Florida,ASun,7-7,-10.75,101.2,112.0,69.5,+.036,-3.97,102.7,106.7,-3.97
297,298,Elon,CAA,6-6,-10.87,102.7,113.6,70.7,+.056,-1.34,104.5,105.9,-1.34
298,299,South Dakota,Sum,7-6,-10.92,102.5,113.4,71.7,+.045,-5.06,100.2,105.3,-5.06
299,300,Eastern Michigan,MAC,6-5,-11.19,100.5,111.7,66.0,+.176,-2.70,104.1,106.8,-2.70
300,301,Texas A&M Commerce,Slnd,6-6,-11.33,96.8,108.2,67.3,+.137,+8.50,109.8,101.3,+8.50
301,302,UTSA,Amer,5-7,-11.50,101.1,112.6,71.3,+.050,-7.26,99.6,106.8,-7.26
302,303,Coastal Carolina,SB,3-8,-11.70,102.6,114.3,69.4,+.017,-5.78,102.6,108.3,-5.78
303,304,Louisiana Monroe,SB,4-6,-11.72,97.1,108.8,67.8,-.022,+1.26,104.3,103.1,+1.26
304,305,Presbyterian,BSth,7-7,-11.73,97.4,109.1,70.0,+.049,-6.95,101.3,108.2,-6.95
305,306,Central Michigan,MAC,5-6,-12.06,98.2,110.3,68.7,+.112,+1.15,104.0,102.9,+1.15
306,307,Western Michigan,MAC,2-9,-12.17,98.8,111.0,69.2,+.021,+0.21,103.9,103.7,+0.21
307,308,Alabama St.,SWAC,4-7,-12.28,95.0,107.2,69.6,+.038,+11.04,110.5,99.5,+11.04
308,309,Delaware St.,MEAC,6-9,-12.35,93.7,106.0,70.9,+.022,-2.05,102.8,104.9,-2.05
309,310,Alcorn St.,SWAC,1-12,-12.36,103.5,115.8,71.4,-.037,+12.94,110.9,98.0,+12.94
310,311,William & Mary,CAA,5-7,-12.36,103.2,115.6,67.8,-.055,-4.93,102.3,107.3,-4.93
311,312,Chicago St.,ind,7-10,-12.41,95.0,107.4,67.2,+.068,-6.19,100.7,106.9,-6.19
312,313,Campbell,CAA,6-6,-12.43,95.3,107.7,63.8,+.009,-5.42,101.7,107.1,-5.42
313,314,Bucknell,Pat,3-9,-12.55,97.7,110.2,65.9,+.024,+2.71,106.0,103.3,+2.71
314,315,Idaho,BSky,6-6,-12.56,99.1,111.7,66.8,+.009,-2.46,102.6,105.0,-2.46
315,316,Hampton,CAA,4-8,-12.92,96.3,109.2,73.3,-.079,-1.48,105.3,106.8,-1.48
316,317,UT Rio Grande Valley,WAC,3-9,-13.07,96.3,109.4,73.7,+.017,+1.68,104.2,102.6,+0.44
317,318,Incarnate Word,Slnd,4-7,-13.25,99.6,112.8,71.7,-.004,-2.16,102.0,104.2,-2.16
318,319,Niagara,MAAC,3-8,-13.37,99.8,113.2,68.6,-.063,-5.18,100.0,105.2,-3.54
319,320,Valparaiso,MVC,4-8,-13.48,93.6,107.1,67.5,-.001,-3.53,102.3,105.8,-6.51
320,321,Wagner,NEC,5-6,-13.67,93.0,106.6,63.2,+.079,-2.19,101.3,103.5,-2.19
321,322,Tennessee Tech,OVC,5-8,-13.69,96.7,110.3,68.0,-.008,+0.46,104.8,104.3,+0.46
322,323,Manhattan,MAAC,4-6,-13.72,93.6,107.3,69.6,+.127,+2.35,104.4,102.0,+4.37
323,324,Loyola MD,Pat,2-10,-13.86,93.4,107.3,67.0,+.023,-2.04,103.4,105.5,-2.04
324,325,Dartmouth,Ivy,4-8,-13.88,92.3,106.2,66.4,-.041,-2.45,102.9,105.3,-2.45
325,326,Cal Poly,BW,4-8,-14.03,94.1,108.1,66.2,+.053,-1.21,104.4,105.6,-1.21
326,327,UMBC,AE,5-9,-14.05,101.0,115.0,76.8,+.039,-6.67,99.5,106.1,-6.67
327,328,Georgia Southern,SB,0-12,-14.08,97.2,111.3,69.1,-.046,+1.31,106.1,104.7,+1.31
328,329,Buffalo,MAC,1-10,-14.18,95.6,109.8,70.2,-.037,+3.19,107.0,103.9,+3.19
329,330,Grambling St.,SWAC,2-10,-14.18,94.7,108.9,65.8,-.082,+11.77,109.9,98.2,+11.77
330,331,Eastern Illinois,OVC,6-7,-14.26,94.1,108.3,66.1,-.021,+2.67,103.8,101.2,+2.67
331,332,Florida A&M,SWAC,2-8,-14.50,92.0,106.5,67.8,+.038,+15.91,112.7,96.8,+15.91
332,333,Fairleigh Dickinson,NEC,6-7,-14.60,101.6,116.2,73.6,+.106,-6.20,100.1,106.3,-6.20
333,334,Army,Pat,3-9,-14.82,90.2,105.0,64.6,-.124,-7.47,100.5,107.9,-7.47
334,335,South Carolina St.,MEAC,4-10,-15.91,97.1,113.1,71.5,-.014,+1.70,104.9,103.2,+1.70
335,336,Bethune Cookman,SWAC,5-6,-15.94,92.4,108.3,71.5,+.027,-6.60,100.6,107.2,-6.60
336,337,Lindenwood,OVC,6-7,-16.17,92.6,108.8,70.8,+.038,-2.39,103.1,105.4,-2.39
337,338,Charleston Southern,BSth,4-8,-16.34,96.6,112.9,66.2,-.001,+0.17,104.7,104.5,+0.17
338,339,Detroit Mercy,Horz,0-13,-16.40,95.1,111.5,68.5,-.059,+4.07,108.0,103.9,+4.89
339,340,Southern Indiana,OVC,3-10,-16.42,90.4,106.8,70.2,-.097,+4.71,107.4,102.7,+4.71
340,341,Le Moyne,NEC,5-8,-16.76,96.8,113.5,68.9,-.079,-0.39,102.8,103.2,-0.39
341,342,Central Arkansas,ASun,3-10,-17.13,96.3,113.5,69.2,-.058,-6.12,100.9,107.0,-6.12
342,343,Morgan St.,MEAC,4-10,-17.25,96.6,113.8,72.7,-.084,+2.85,106.0,103.1,+2.85
343,344,Lafayette,Pat,1-11,-17.94,90.1,108.0,68.3,-.018,+0.83,105.5,104.6,+0.83
344,345,VMI,SC,3-10,-17.98,92.2,110.2,72.1,-.024,-1.28,103.2,104.5,-1.28
345,346,Pacific,WCC,5-9,-17.98,92.2,110.2,70.4,+.093,-6.52,100.3,106.8,-6.52
346,347,NJIT,AE,3-8,-18.01,97.0,115.0,69.8,+.031,-2.76,102.6,105.4,-2.76
347,348,Arkansas Pine Bluff,SWAC,5-8,-18.27,102.4,120.7,74.5,+.072,+9.77,109.8,100.0,+9.77
348,349,LIU,NEC,1-10,-18.59,91.6,110.2,72.7,-.036,+3.00,104.7,101.7,+3.00
349,350,Saint Francis,NEC,4-8,-18.61,91.9,110.5,66.9,+.041,+0.43,104.3,103.8,+0.43
350,351,Southeast Missouri St.,OVC,4-8,-19.01,92.4,111.4,71.4,+.073,+1.62,105.1,103.5,+1.62
351,352,North Carolina A&T,CAA,2-10,-19.14,98.2,117.3,71.2,+.024,-0.22,103.6,103.8,-0.22
352,353,Holy Cross,Pat,2-10,-19.38,98.1,117.5,65.4,-.038,-3.70,102.6,106.3,-3.70
353,354,Alabama A&M,SWAC,1-11,-19.53,94.1,113.6,74.0,+.065,+2.36,106.4,104.1,+2.36
354,355,Northwestern St.,Slnd,2-10,-20.19,97.3,117.5,67.9,-.124,+0.62,105.0,104.3,+0.62
355,356,Maryland Eastern Shore,MEAC,2-8,-20.24,90.7,111.0,70.0,+.068,+4.99,106.2,101.2,+4.99
356,357,Houston Christian,Slnd,2-9,-20.49,91.9,112.4,74.6,-.046,+12.66,111.3,98.7,+12.66
357,358,Stonehill,NEC,2-12,-20.88,92.8,113.7,70.4,-.029,+2.48,105.5,103.0,+2.48
358,359,IUPUI,Horz,4-9,-21.73,93.3,115.0,68.0,-.011,-3.48,103.5,107.0,-4.41
359,360,Siena,MAAC,2-10,-22.04,89.0,111.1,67.8,+.043,-4.97,102.6,107.5,-4.72
360,361,Coppin St.,MEAC,1-12,-23.84,84.6,108.4,67.5,-.044,-1.02,103.7,104.7,-1.02
361,362,Mississippi Valley St.,SWAC,0-12,-30.91,84.8,115.7,64.9,-.003,+14.84,111.6,96.8,+14.84
